study,run_id,model,seed,evaluation,exploratory,macro_design_mae_ns,pooled_mae_ns,pooled_rmse_ns
original,task3-20260925-v1,median,0,AES/UART,False,0.3178624259251913,0.3608839470756972,0.4728259292700243
original,task3-20260925-v1,SOG,0,AES/UART,False,0.1507151486530394,0.1691615288366533,0.2330072107457831
original,task3-20260925-v1,T0,0,AES/UART,False,0.1854381043883861,0.2235341019193489,0.2960603474428779
original,task3-20260925-v1,T1,0,AES/UART,False,0.1770991293336636,0.2183365020151785,0.3016906420288702
original,task3-20260925-v1,N0,11,AES/UART,False,0.1345872388414533,0.1640519575596285,0.206905339445481
original,task3-20260925-v1,N1,11,AES/UART,False,0.1287734431369811,0.1484780336865919,0.1966370145865022
original,task3-20260925-v1,N2,11,AES/UART,False,0.1451693380146738,0.1744486822436917,0.2166317041139344
original,task3-20260925-v1,N0,22,AES/UART,False,0.1869530706389455,0.2369392938540728,0.3086569430082548
original,task3-20260925-v1,N1,22,AES/UART,False,0.1512204208490043,0.1889968270430466,0.2492167046481145
original,task3-20260925-v1,N2,22,AES/UART,False,0.1622732640622739,0.2029501738193377,0.2699002369299236
original,task3-20260925-v1,N0,33,AES/UART,False,0.2086846370980883,0.2680270986387558,0.3653533863493555
original,task3-20260925-v1,N1,33,AES/UART,False,0.2004553274174072,0.2547682579409493,0.3321268139701754
original,task3-20260925-v1,N2,33,AES/UART,False,0.208309076948602,0.2630944348161348,0.3455795810663626
followup,task3-followup-20260925-v1,median,0,AES/UART,True,0.3178624259251913,0.3608839470756972,0.4728259292700243
followup,task3-followup-20260925-v1,SOG,0,AES/UART,True,0.1507151486530394,0.1691615288366533,0.2330072107457831
followup,task3-followup-20260925-v1,N1,11,AES/UART,True,0.1287734431369811,0.1484780336865919,0.1966370145865022
followup,task3-followup-20260925-v1,N1,22,AES/UART,True,0.1512204208490043,0.1889968270430466,0.2492167046481145
followup,task3-followup-20260925-v1,N1,33,AES/UART,True,0.2004553274174072,0.2547682579409493,0.3321268139701754
followup,task3-followup-20260925-v1,C0,0,AES/UART,True,0.1845462485798935,0.2131309475930016,0.2764811230128448
followup,task3-followup-20260925-v1,N1-SOG,11,AES/UART,True,0.1564701749512209,0.1941515721863934,0.2343530898223655
followup,task3-followup-20260925-v1,N1-SOG,22,AES/UART,True,0.1826343978820115,0.2290556756976005,0.2892466134017888
followup,task3-followup-20260925-v1,N1-SOG,33,AES/UART,True,0.189092614813474,0.2383305600644873,0.3409601916547619
cv,task3-generalization-20260925-v1,N0,11,development-family OOF,True,0.1481939205501314,0.3905469639503529,0.5719684643765716
cv,task3-generalization-20260925-v1,N0,22,development-family OOF,True,0.1511638247811444,0.3817127033232649,0.5517480320121079
cv,task3-generalization-20260925-v1,N0,33,development-family OOF,True,0.1645517006359809,0.446766282072809,0.6474762109218698
cv,task3-generalization-20260925-v1,N1,11,development-family OOF,True,0.2152814786733916,0.64930771754534,0.9827933249959452
cv,task3-generalization-20260925-v1,N1,22,development-family OOF,True,0.1470148111331064,0.3948772657259086,0.5689290908365114
cv,task3-generalization-20260925-v1,N1,33,development-family OOF,True,0.1623014672560003,0.4745581736635455,0.6688370333066667
cv,task3-generalization-20260925-v1,N1-NoContext,11,development-family OOF,True,0.1197143978641268,0.3461250535890819,0.5323103681627881
cv,task3-generalization-20260925-v1,N1-NoContext,22,development-family OOF,True,0.1410271489645006,0.4452286065825278,0.701138178465782
cv,task3-generalization-20260925-v1,N1-NoContext,33,development-family OOF,True,0.1427774061457922,0.3999367220327697,0.5958438702018642
cv,task3-generalization-20260925-v1,SOG,0,development-family OOF,True,0.1754968903661063,0.2701069679012345,0.4092123462022983
cv,task3-generalization-20260925-v1,T1,0,development-family OOF,True,0.1212248801082731,0.2644131259915941,0.3641994204513291
cv,task3-generalization-20260925-v1,median,0,development-family OOF,True,0.3117232181087952,0.4956796107350427,0.6347762825485715
