design,family,category,representation,status,register_bits,combinational_operators,max_combinational_depth,timed_endpoints,path_rows,valid_sampled_paths,rejected_sampled_candidates,equivalence,endpoint_table_sha256,path_table_sha256
gcd,orfs_gcd,arithmetic_control,sog,features_generated,34,290,37,34,954,920,0,passed,94c9b137bd885b03897541ed595c1a112ea7a3b586605c9c01c9d455088e8c87,6752f6c63ba910350c6d0a50959439f1addafcc492a4a8f6f453095a21ef08a6
gcd,orfs_gcd,arithmetic_control,aig,features_generated,34,684,62,34,1122,1088,0,passed,5cc1c4183c0c3174f6f5940e14faaee5e2ee3de75be9d314f98cb51ba908a7d3,91802abbdfe4e9e8aa9ae8e409d551b8cf2f6fd2bf823a85f1629b8f07999068
gcd,orfs_gcd,arithmetic_control,aimg,features_generated,34,555,62,34,985,951,0,passed,5bb6d1f074038c305b3aa048676c9c1d22048e064b596a6c2da41fc44ce25a0e,46e9f006cdbcbb677bd7edd37a4d562dd69ee799ef8650d32d93201af851d0a1
gcd,orfs_gcd,arithmetic_control,xag,features_generated,34,579,61,34,1122,1088,0,passed,d950bf72a0475c7ea86bf4b302cad3fe621e05481c7340e705d660222ea47f16,1515ffce8f1f74bf9079bc55a184c88446b1845ae947d15871a55a622080de10
timer32,chameleon_peripherals,control,sog,features_generated,65,587,41,65,2145,2080,0,unproven,648ab61b8011f685391d8edd663b571028b3c165b1baaac2ea45333289e9516b,379af26389e50c1989d0c4d23b54fdf3e9f94ded248ffe7abd031d398a8bed8f
timer32,chameleon_peripherals,control,aig,features_generated,65,973,44,65,2145,2080,0,unproven,b85fae8c07ead1e5ecec946ff1a1c314370e79d04ad2b2b8dc07deb29bcf228e,1317ede71b7812a2f4aa8a9c316bb65c98fc873c8b14b67d3387c1f588d55f84
timer32,chameleon_peripherals,control,aimg,features_generated,65,962,44,65,2145,2080,0,unproven,ec03b6cba3e2de2847b39ce3e880dc1c0fae17f368cd65642602138744fc4ebf,5d22ea4a6544b16cbf811a18924a449cb32ca2ce13fd352ecf2e1b5f08ba06b5
timer32,chameleon_peripherals,control,xag,features_generated,65,637,43,65,2144,2079,0,unproven,fc48297e214c599773081d6a6230dd33f3728e39ac72ed1c9ff1a15a63e5a8ec,a7c20bcd0962d08178df71a464acc5fe60ff2401e35b02f494b2f0bbd1b3863a
pwm32,chameleon_peripherals,control,sog,features_generated,65,653,41,65,2145,2080,0,unproven,8961b1f30d8e5000176303e125c7648f0985329ccffbe5b346261b87223aad69,b39bc4fffd0834b3f261eb60c005c7f772681e36c3ecd022cc91b64e4fb7fb56
pwm32,chameleon_peripherals,control,aig,features_generated,65,1197,44,65,2145,2080,0,unproven,a4838ef9077a2eb5fe4d55362f406e563760d9717d7125ebde31ce0dfa02d659,c5a03e457ffff5328404bd6378b6ffc9cbe0a7562dd394d1b2b32f6c67d04bea
pwm32,chameleon_peripherals,control,aimg,features_generated,65,1186,44,65,2145,2080,0,unproven,ae0f07f12ddc10a64f1190213592de1d609f13113763c2354e0c8efdc34e225a,6be178f94b9d3955135d68f2abf5559cb42f66ebed67c0dbb20fa4081ad796bf
pwm32,chameleon_peripherals,control,xag,features_generated,65,705,43,65,2145,2080,0,unproven,9b5329b017e84778fbf2d5b0d0807bae119531edc29dae8447256f5ecddf98d6,9355722cd975bbbd97fe036e2deb83b055b9235f04451a8d2c1eca7c6dc91c17
wdt32,chameleon_peripherals,control,sog,features_generated,34,318,64,34,1088,1054,0,unproven,eeb99cc9c12cd163daf0717620b12ef1450f9171f179fde3eb77aa6ff67b93a6,37ef0948b3e52a6d943b220ab0ec67ace2dc8b94cc83c9a48dbdb8647814b273
wdt32,chameleon_peripherals,control,aig,features_generated,34,545,126,34,1087,1053,0,unproven,bf4586326aca768712105a8fb2a1686e308076634888ae2f07e4e371f0388ad5,0febb0df73cc1920e6cfdd806dec4b92d527266422517d3edd9e3a6c9efe4979
wdt32,chameleon_peripherals,control,aimg,features_generated,34,545,126,34,1087,1053,0,unproven,415a054b2ba150c6780b0f7c2b69495895c33d799a832cb83be87661af9fb40b,d2a2ea0baf6a2435871d29ecd474ae3f0a073764193ea00727b3db7762f661fd
wdt32,chameleon_peripherals,control,xag,features_generated,34,536,126,34,1088,1054,0,unproven,c131814967faccb3c88df6e73a9689f4229cb7e219450a9ab71c945a503a4a69,8a5dfab67d539b1af2d4b29488358e29c3ac50efd7f2a2814b223b526d54e671
eth_crc,opencores_ethernet,communication,sog,features_generated,32,149,6,32,116,84,0,passed,063f1cf20d16083ccab7faefb557bb5de73043de1b30428437d6efe1cae43cc3,378fa8254dba678ae75876fdec21bedb7ff9ace68b852503bd2210831d4dd7f4
eth_crc,opencores_ethernet,communication,aig,features_generated,32,421,17,32,116,84,0,passed,8da446031ed3be22608318bdaed0155e5d8b6359cbbb6c5bb820da747c33b385,5bf5293720190a988c7c4a3b24cccfe2dd4c1d42c99cb52b2b552315310a449b
eth_crc,opencores_ethernet,communication,aimg,features_generated,32,421,17,32,116,84,0,passed,39e22ec8698ed1b1e64d637bc60500e17904b147bed46e6220011c968b694be4,6f294e3d6e35b16ca0780a731184ebb5f0b957ff8f02de2f5f43f9313eaf71f7
eth_crc,opencores_ethernet,communication,xag,features_generated,32,235,9,32,115,83,0,passed,e9c3d80f882abffbee621d8097eaae6be48d7c56967bd0545c90585a05870d74,6656b29c02a5410447348d8b632eae2c51f4e09d9a01fe768cb3fa2105848efa
eth_random,opencores_ethernet,communication,sog,features_generated,20,114,7,20,41,21,0,passed,2abb60451f925cacf7ab08d21bb5842e49cae5d38ee4e983f6e74313ed418009,87588b8d5fbc78bf6622fc0bdf9c287614f095bf7b1757994483313933054939
eth_random,opencores_ethernet,communication,aig,features_generated,20,215,9,20,41,21,0,passed,008ded1efb6718a545ac64347ef46d65ac7322860d5bb896dd61a546795a4c09,a133680c66c7095a09335b4d8874034149d903d2c3349b052dccde284d7d5ee1
eth_random,opencores_ethernet,communication,aimg,features_generated,20,196,9,20,41,21,0,passed,2b3fa4f03d523b998cf803e8573ec9d55cab3d0b3532807d172e1d6b2f627f9e,c9b85b2c87a8bb1311083126f651b9442d7a2accc359bfe6f5870bc8c2889380
eth_random,opencores_ethernet,communication,xag,features_generated,20,170,9,20,41,21,0,passed,60de6dfe5dfdcc06f0e0656289157f1b49ae239daca6df4f06e00b403a271498,50c34bbd82ec181d1d2073da34ec42f74d6465a16a5f890b7cd91666c2c0a315
eth_txstatem,opencores_ethernet,communication,sog,features_generated,12,243,15,12,71,59,0,unproven,c526ebdaa036b3e7be28df35933481167bdb3d871d7177cca2f6100d2a0971f9,8b7310a185b172f0d84fbd2b54bdf7f662a6adbd76437188c09ee56f76790eda
eth_txstatem,opencores_ethernet,communication,aig,features_generated,12,325,28,12,69,57,0,unproven,67cf7c0f9d5f98eda39551bb3112574dc6426f1be339fd89aa66767b3bb227ac,599bef4d3893b65531e57e1b230f9a5e3558e69fa01d850fa9b46c0064eaed67
eth_txstatem,opencores_ethernet,communication,aimg,features_generated,12,320,28,12,70,58,0,unproven,abdab5e758e277ce6abdeb6f175f5428fd6178ff3fbf6f016b138cfe413cc5ea,e66ad00f283fa3dd9d0cbd391669ed316835764de4fddc0df33f0d5867788801
eth_txstatem,opencores_ethernet,communication,xag,features_generated,12,316,28,12,70,58,0,unproven,b85b406c4756c43e2e1498f395bc41794ccb9c681dd24c1dcf3cfbf6e85f463c,9ca19e5039d08fe6cb56edb2937195d085cdd0d4515eb58ccb2a35d37023de95
eth_txcounters,opencores_ethernet,communication,sog,features_generated,35,503,22,35,637,602,0,unproven,feace9b07ad24d8373f34b7aae13571623bd6063dbda9d4dd4c2caef597e41a8,0fe23ad12abc9df4ddea025cef0121f60964ed2407aadceb205b78226121a28d
eth_txcounters,opencores_ethernet,communication,aig,features_generated,35,803,41,35,638,603,0,unproven,8286b9445b90803e645981a19918ee4fdb43c154cd36da71fb91520f0b8b043f,ea3d06296b18e747427b989b59cf1031270731f977c339909ae1d452a30d3701
eth_txcounters,opencores_ethernet,communication,aimg,features_generated,35,786,41,35,636,601,0,unproven,8a3e84c4d10593cf0487cd76117dc4e3067549fe7b8211199c02f812a2b75b35,f4d386f34ad57f518b37570b7e6b07791900b4438bc2ada8ae375a3bf8545ef1
eth_txcounters,opencores_ethernet,communication,xag,features_generated,35,695,41,35,636,601,0,unproven,489d8998e8c2503adb81d032970e07ed836739e2f1f79b017c767424ee918429,f05b66ee4be70db1c94e04aaabe16d85e73c7a3ec8a81effa89646aa1b614174
eth_rxcounters,opencores_ethernet,communication,sog,features_generated,25,403,13,25,383,358,0,unproven,a180fb480c1dd38e289e2b47f0efebc06482c13fd9e01426e941973af92bdba1,fc4aa3edb7325065684320203def549baea48735852f3cd4df9e46602ec522c2
eth_rxcounters,opencores_ethernet,communication,aig,features_generated,25,649,19,25,382,357,0,unproven,50af04c0b487f81e2fa2de5a28c23efdfcbb863d37274022d535d0fba84899b7,b0c34be76972fab4316448a9db064be5f4691039fb43e4e233322d328fd48057
eth_rxcounters,opencores_ethernet,communication,aimg,features_generated,25,627,19,25,385,360,0,unproven,f5ff9d54acc364b63c82c8135bdc19ec79cce0b125e013de225fcbfc37799fb4,0f690c394db2ef1660c85c13d2b239448b1d9a305ea438aca737e55e26edcf15
eth_rxcounters,opencores_ethernet,communication,xag,features_generated,25,534,18,25,381,356,0,unproven,ae3e8d9f7613340af4f2db4c97a2c9c664db99f8fe3e2f15402ac82ae1306779,e27e007a4dc316b2e952a6068a37b7f2cc190ea0ef1edb43167ceeed2e573200
eth_rxaddrcheck,opencores_ethernet,communication,sog,features_generated,4,380,13,4,12,8,0,passed,86103a865cc3ff5f22a8e8c8f92ead6e61319ce8a31a6a277e8c18748c5d2a25,ab6603c07f2fa0ded3b69b3b2f917b79d77fa49364e28e49409165f6dd91b9fa
eth_rxaddrcheck,opencores_ethernet,communication,aig,features_generated,4,702,23,4,12,8,0,passed,213476240cce1f07d621ee5b6a53e8b65ea6855600a6bc036f676809badf8b22,0ac9065d9d5f41922d34e92be12de110d05282681bc98db0a9357e456199c8c7
eth_rxaddrcheck,opencores_ethernet,communication,aimg,features_generated,4,658,21,4,12,8,0,passed,d8e4e43b005b8c8460b470d500139c7018524105af147325bcdcc5510f03239a,2bfa514122e3c99f512787e2997dcc8724c9b24913abae0f3974597bb75ccdd1
eth_rxaddrcheck,opencores_ethernet,communication,xag,features_generated,4,533,23,4,13,9,0,passed,68724144e13ac3c4e2783235c6231e8f5758a9c79eb34dd865144ea8afabc09a,58cc1b4398408020c882eb7ed2e2386834c4c9fe13d89172b749b7a1a0c447f6
div_su,opencores_jpeg,signal_processing,sog,features_generated,272,1463,31,272,1858,1586,0,passed,89febfa8b73b5882d93f20b401c45d700ed3f6d92337433b11176260bd3b5581,c2a5e6d97ef46617fcca90e9fcd86312a18c632e9d22ca8413ef330532744857
div_su,opencores_jpeg,signal_processing,aig,features_generated,272,4429,56,272,1893,1621,0,passed,81ea4e20bfe2529761e08cab82655d17fc3416fb6e51ee3fc3205aba653561a9,a68518031a29986cbd287c19ede20eab5c79ed09e1e1413cac660a67c6b90691
div_su,opencores_jpeg,signal_processing,aimg,features_generated,272,3231,56,272,1884,1612,0,passed,7309292c18e1279e67ee27a2f465ff5c60fca7856d23fa77a92eeb6fee2e19fe,7345244e4f0c34d77825e0396ffbdd53046828e43d4c91acfad7ad475c9e08d4
div_su,opencores_jpeg,signal_processing,xag,features_generated,272,3520,53,272,1870,1598,0,passed,c7c51b739f2f8900116541e261569ab20ffeb025ff22db72f83829d1087b8db7,4b68b9e9de3394ce5b6e0bf4fd1e0e61707d91aca7aa70b07788783cd9ac21ca
jpeg_rle1,opencores_jpeg,signal_processing,sog,features_generated,32,311,20,32,153,121,0,unproven,84ea9c691a551828a4e92b22273be81b17a80843996a1ba670c3be09cb6907c9,e322a93b486598a8ea8ddcfc4acf8aa651cdf62e3a79d4b1e35dfc21559430dc
jpeg_rle1,opencores_jpeg,signal_processing,aig,features_generated,32,497,28,32,153,121,0,unproven,1af4c293170a3d5f7230ed06cd2e0252a3b983d4c56e8e512320ed4441a7ef92,0392cd7aa283aa68efda728d4e7ca9d2614e0ec2b4c3d388dd92fa1cd49fee44
jpeg_rle1,opencores_jpeg,signal_processing,aimg,features_generated,32,463,27,32,153,121,0,unproven,7e9432e8fed4007013dea21715dec206a4181c2f725c131e2738e3512013d48e,ec14bcb691f79739d87aa424e4a1e5a5be7973cb26490cf7284864613988095e
jpeg_rle1,opencores_jpeg,signal_processing,xag,features_generated,32,464,27,32,146,114,0,unproven,72940e64ccfe7ddba4c677ae339d7601cd951ff9426a33387b06b10fb930983b,bad78f20a058e7b9d097ec29244af1226b9809cca508229ec89f1b757c266ad1
jpeg_rzs,opencores_jpeg,signal_processing,sog,features_generated,45,77,6,45,114,69,0,unproven,45dfeb971ebe94844c1f23625fe169106044e90b6c53265c52569e7f1eedc0a4,835b7b74fbad10b30f4a9e31b89d84b1bc0be5b4700a69377009cf7a0126ef00
jpeg_rzs,opencores_jpeg,signal_processing,aig,features_generated,45,308,10,45,114,69,0,unproven,40ec36364246be2dc131c88e189625667a6b906b9abc0838eba70208ffe76e4c,015dd076a2883bd59bd8ff332a98c755fe21a3a38ae70951451451642040e6c7
jpeg_rzs,opencores_jpeg,signal_processing,aimg,features_generated,45,98,10,45,114,69,0,unproven,d5982f1cf1451862f60c9ef750396d0697af89d507c04579da82bcd81874c343,f0bc46b1e557e57d059614e57a75cb3111824efb8c57feb05a673396fa3b31c8
jpeg_rzs,opencores_jpeg,signal_processing,xag,features_generated,45,308,10,45,114,69,0,unproven,0d45bf6eefc419703f474da0d6d5986cd7e21f8b6fd937848b9e0bba604b8f94,dd758ff84e8599c0193ad0bb9aa16315a4a4ea5e056eda5a27eaaa991520c192
uart,uart,communication,sog,features_generated,79,843,21,79,1970,1891,0,passed,70faeabae6b13fd520faf4463026bbb2c718d439752d7cb10ccb509c356618c3,3dbbd06f6079fd4142126133584252046fbfe676381351e4b057d301361b641b
uart,uart,communication,aig,features_generated,79,1595,39,79,1971,1892,0,passed,60ca22632ad2de1cb83927cf8ea137c6f7416d7a093a7b28c8b03565df57b4d4,63710a5b6bffcba3c1179723500924137ab7baeb34bc118e43a9815c12651e05
uart,uart,communication,aimg,features_generated,79,1427,39,79,1969,1890,0,passed,f11e97d88e6f0ed84fccc7ae571a704100c79b45b93a7cd1325f8160216d0195,0ec736aad1b1794753b16d16a48ea75c6327dfa8915640612de4a5ce7713e375
uart,uart,communication,xag,features_generated,79,1428,39,79,1971,1892,0,passed,a3577255c779ad4ba2538978bffa4bbfa2e08da87331721b35b7cf7e1b2f8e80,069f6cfc58799359b2e5f810c81fac7973d423ffa1459e7c2dc669c1c8227d24
spi,spi,communication,sog,features_generated,25,109,7,25,173,148,0,passed,216c81a40c6d0b88bc3a17ed2ebefd07a661e62fa9961be0ed5c73f387b5e96d,b79d0bd24e9cd8b24032530eda72e810ff8d54f6458c366458f0ed448ac3050e
spi,spi,communication,aig,features_generated,25,209,11,25,175,150,0,passed,e62da4f0b455588acd8fd40921f3f48637ef2728ec7ba40c0f30fdf12dba83f8,e7ce23584d3deae10c7e71ffcdedacf7e3435045b52f0372b0054605d6b0a0b8
spi,spi,communication,aimg,features_generated,25,160,11,25,170,145,0,passed,61de0a69e782aaaaa745df779fe8bac0ec58db14df74f4ec66b41622c6ae1a73,6f7647f605624021494c7cdf490acc14625af745f80d16e3c7f67d9f5a582126
spi,spi,communication,xag,features_generated,25,199,11,25,174,149,0,passed,8782d56c873b21f7b7fca474ba8d46dd936de9099943c6bef437625c4e5f6d27,a48ffe199175d8906f59f834437470ea96d30ae327a3028a429b4fb139401c69
aes_key_expand,opencores_aes,cryptography,sog,features_generated,172,3075,18,172,1716,1544,0,passed,566178ea529e501d3c76c1b93c1d6f303a566bcfdb4ad8a8791b5c66ca028c5f,eca94a7c8c94f3ee37492d2b39c73bacaa8df123d7ac048cd1f74cde5ff7ee79
aes_key_expand,opencores_aes,cryptography,aig,features_generated,172,6689,41,172,1717,1545,0,passed,e02c4e834496c3b9a1fbe592b899bd9887205bacb5d5671713ee776b368497ac,ab7100c38251eb31fd73b0d6c9cc36ea23995c53658ae54e1e3e6d254bcaed3c
aes_key_expand,opencores_aes,cryptography,aimg,features_generated,172,5489,37,172,1717,1545,0,passed,dc80118a703a05b1d01c705b7a5735ebc4db270baa3364d6fa9e84daeee30ab7,724d48caa289e77ea1ba88ead12223367102738006579c598ff042be25b9d4da
aes_key_expand,opencores_aes,cryptography,xag,features_generated,172,5693,30,172,1715,1543,0,passed,cf4f621b69d6366abc8f8604dcc5cc2bdc0f03bd180fc8b64b99ff60db27b91d,d74838b6b6cd9ace3482bbe646b98fa2329e520ca24f5d0bf4602c91ecf1f472
pwm256,pwm256,control,sog,features_generated,9,54,11,9,45,36,0,unproven,f1065a2353e5af6c762f322e574ce5ec916b05b711ac1bd7333ebed50147aec6,e862babba50e534a937474833a8592aa21d01e97dda65f1c4376d797303376a5
pwm256,pwm256,control,aig,features_generated,9,103,18,9,51,42,0,unproven,d53d48d8808d411fd6fb2ec673a40827afef3c1a856dc9a6b02372a425949b17,d67b42379ffead2c236d13b85e8d4eaf087e0d7272d82a415f998bc3225960f5
pwm256,pwm256,control,aimg,features_generated,9,103,18,9,50,41,0,unproven,9b4fdab03932525af3d5226df22997a20859b99e5e7964c4fdcbdf3a590d0a5e,3b8b846c4d4234481e1f001b6cdcaa1a4847d4feebcff8601166aa7174d8d1c7
pwm256,pwm256,control,xag,features_generated,9,81,18,9,45,36,0,unproven,fc35353e85a6a1329b4beba68bef6a2b4200af22d228b40a4cdb00eab41ee6d7,c6336bc2d5c43a63173478bbedf9e209ec73ad0f3e27f37238d82d87ea677c40
crc32,crc32,communication,sog,features_generated,32,158,6,32,170,138,0,passed,864d54f1b9c27d531deb110155b4fbde15e2b027cbb87a444315d357eba56d86,64e237bfbac272169585b6dfb3528c7ff3e862fb683f6ca66c18e9590451ee12
crc32,crc32,communication,aig,features_generated,32,705,15,32,170,138,0,passed,142dcdcf909abcb9f623f2bf0fe3b90a0baa3e3998e62276e20721403f6a3dbb,25fd9e8b22c7d4e565921b7bfe3625b6278c4c3569be6a41e1b92648acd94436
crc32,crc32,communication,aimg,features_generated,32,705,15,32,170,138,0,passed,1eead7eee46872fa95bf492d62b5a5e97a39c179ce2ecda8ba0cd86857b83df3,c1e8ddee8b0e185f318812011316bcd7e6d479e899c829570f7806a133246a46
crc32,crc32,communication,xag,features_generated,32,215,8,32,170,138,0,passed,c2774b1ed548f0e0d56b539e3743dc66a7e7616933086c16a80b19c67e506811,6ea6eea56782f2dfec2c2036ae3391f5bf82f916bf0199d7c60b63bf6158376a
cic5,cic5,signal_processing,sog,features_generated,312,2488,65,312,6837,6525,0,passed,2f7580b638890358a7e4acb2838da4f0f8a34a40459e4d798d428559de513d05,90e3ed073af9de486b68d889351cb036e1cf9129f121740209cf1734b3dada1d
cic5,cic5,signal_processing,aig,features_generated,312,5415,146,312,7439,7127,0,passed,ef05b2799038031fa220a4d6326c8d0c059ffacce074209a35130143dee3dea4,a6de528b7c3dce3f9ac2b4d35d7b12280f1019ffe6ef81e085bf40b13254b6be
cic5,cic5,signal_processing,aimg,features_generated,312,5411,146,312,7443,7131,0,passed,29e6c4887d4d55ee9dbca585892ef32fd2ef020907a350ab522f40039246a970,7f6b90e88eb2cafa77c31c91f321ca3a8add01b6833408881a74776b88fdf993
cic5,cic5,signal_processing,xag,features_generated,312,4066,120,312,6864,6552,0,passed,46cc844d4c508b946506d8428c08da95d01000df08883431b9201ff6d641e2ac,6efa805fd0bdac003916376a2c93e451ed6d0c713875aa5192ec7d87a9e0ba08
