model,seed,design_id,n,mae_ns,rmse_ns,bias_ns,pearson,spearman
N0,11,cic5,312,0.43242887173708294,0.615073468178143,-0.3552491864956079,0.5072501673184028,0.4324280081630906
N0,11,crc32,32,0.026977134806425093,0.0322153657273098,0.021483477047585492,0.9262470628955237,0.8860574173161369
N0,11,div_su,272,0.8467231254110075,0.8941897242957818,0.8457570204620062,-0.46862959582745517,-0.246064823556443
N0,11,eth_crc,32,0.014951924878376249,0.01896824291875919,0.0015390970864098087,0.9731501735076211,0.9572271082354467
N0,11,eth_random,20,0.012365908226882168,0.019675707756003486,0.0062936641874504085,0.9590931021674596,0.8371315353922323
N0,11,eth_rxaddrcheck,4,0.14570980133041572,0.1899269832637894,0.14570980133041572,0.9991318395489354,1.0
N0,11,eth_rxcounters,25,0.061620636055523065,0.07374569667352995,-0.045959599158192754,0.9388846861665985,0.7676942696556904
N0,11,eth_txcounters,35,0.06370844831095145,0.07419136244830662,-0.050740585995673465,0.7102094891977695,0.7147465381830401
N0,11,eth_txstatem,12,0.04962285908121872,0.05921706494766177,0.0453252264332517,0.9815383362500543,0.9370629370629372
N0,11,gcd,34,0.19029862732118852,0.19624972368545265,-0.19029862732118852,0.987467671130378,0.8830140780443425
N0,11,jpeg_rle1,32,0.1245952769193468,0.1598106631907005,-0.11242904312993574,0.9762708812149018,0.9600809542602966
N0,11,jpeg_rzs,45,0.04361926483728554,0.05336991540331328,0.025167046560146254,0.827659702209193,0.7640942323314378
N0,11,pwm256,9,0.022908169366119384,0.032739034272025784,0.0021430171069251186,0.935518987069446,1.0
N0,11,pwm32,65,0.1798808510865225,0.21491034022929528,0.17761897951163141,0.8893165113553569,0.8535231601247069
N0,11,spi,25,0.03348730726204954,0.04601156034111024,-0.024936282414593797,0.9804620174376825,0.9600601310782114
N0,11,timer32,65,0.16556626057769497,0.19476747049538204,0.16362301345599647,0.9046060279598892,0.8788996723418225
N0,11,wdt32,34,0.10483218214414451,0.1345044243690961,0.10297248218046583,0.997334464494299,0.9954057949977233
N0,22,cic5,312,0.4423551722979491,0.6287855002185693,-0.3628192228004837,0.4282436973100113,0.3543976357492872
N0,22,crc32,32,0.03159097852603959,0.037780111093789454,0.025785955442987923,0.9011588319938003,0.867173925906337
N0,22,div_su,272,0.7804703278941643,0.8276791411064227,0.7611991417319545,-0.6049324236176474,-0.5092456889613444
N0,22,eth_crc,32,0.013248575108361003,0.01791273353916596,-0.0015007118574578747,0.9802477438165313,0.9692745580036888
N0,22,eth_random,20,0.011490199025689315,0.014127207874980488,-0.004439589321355823,0.9693098539825789,0.8201730696660544
N0,22,eth_rxaddrcheck,4,0.11336131372288513,0.176804178826926,0.11255393908843231,0.9816805923389396,1.0
N0,22,eth_rxcounters,25,0.0681065685766562,0.07946034179068741,-0.06080525710287201,0.9587345175882597,0.732517946121618
N0,22,eth_txcounters,35,0.06737151052933217,0.07944084389380968,-0.05972067882769382,0.7229328640262529,0.6752175082227309
N0,22,eth_txstatem,12,0.0280920819037412,0.046538909512810825,0.011832338419729868,0.9555176624758193,0.9370629370629372
N0,22,gcd,34,0.22748062882776954,0.2323592217971202,-0.22748062882776954,0.9949675745698457,0.8830140780443425
N0,22,jpeg_rle1,32,0.1185905946531503,0.14969345780904572,-0.10963465957055973,0.9835061986114524,0.9635478876352923
N0,22,jpeg_rzs,45,0.04031206205343239,0.04383877848800888,0.012346309992966889,0.9129719128278028,0.8838342810722989
N0,22,pwm256,9,0.019852826138663817,0.028385522748309355,0.0059647021893077445,0.9451213284075015,1.0
N0,22,pwm32,65,0.21412434582024537,0.23980331651153056,0.21345625475993887,0.9290235840421015,0.9202873512380518
N0,22,spi,25,0.05506378127299391,0.0680862715483851,-0.049338830191292864,0.9761033540664262,0.957240081979638
N0,22,timer32,65,0.15506106849444862,0.17517303760128294,0.15506106849444862,0.9361330830799849,0.9105255837032471
N0,22,wdt32,34,0.18321298643393427,0.22918008136310752,0.18256113778199531,0.9973608651650901,0.9908009879275719
N0,33,cic5,312,0.5049894031502639,0.6963510737581186,-0.48343750974903915,0.40029879425328296,0.2958526550215548
N0,33,crc32,32,0.028718714539515966,0.0325944059594821,0.02328829730948115,0.9319608201849209,0.8904574541494883
N0,33,div_su,272,0.9623948146468106,1.0145406347410304,0.9602696333956279,-0.4689148377911842,-0.16872687681455312
N0,33,eth_crc,32,0.016233030341224194,0.02007063882279414,-0.0015257546558279976,0.9859221556439101,0.9575950602278492
N0,33,eth_random,20,0.0130448863633007,0.015266889113473053,-0.002487161695699695,0.9705810348439933,0.8294231418803333
N0,33,eth_rxaddrcheck,4,0.08634847389086914,0.1178063617710001,0.08634847389086914,0.9987529757181308,1.0
N0,33,eth_rxcounters,25,0.06659102570430786,0.07704828494467482,-0.04383457793893921,0.9367448876594197,0.769240481679166
N0,33,eth_txcounters,35,0.055900132591442865,0.06517300857477015,-0.030723195403915826,0.6529659581955118,0.697224805044605
N0,33,eth_txstatem,12,0.033919583888646763,0.05226212754492346,0.019256508571082753,0.952720811736677,0.9370629370629372
N0,33,gcd,34,0.23652419614864933,0.24342225372161483,-0.23652419614864933,0.7102593851864141,-0.44616477471852733
N0,33,jpeg_rle1,32,0.1477269911305666,0.18666137520471202,-0.13828077338720846,0.959955365255227,0.9657515420381174
N0,33,jpeg_rzs,45,0.053218978546134256,0.05416273127613873,0.04899382515744815,0.922013616126429,0.8838342810722989
N0,33,pwm256,9,0.01867772222260157,0.025444192363707173,0.004833642794365355,0.9547000279231453,1.0
N0,33,pwm32,65,0.1822837765778555,0.19739815164997027,0.18102393427519062,0.980611101261372,0.9582053293698775
N0,33,spi,25,0.061651626381759785,0.08045321765091346,-0.05415990837255965,0.9659075770303939,0.9660007029185081
N0,33,timer32,65,0.16550593517964432,0.18348820839298002,0.16496912108562575,0.9767678410312999,0.9520224172590944
N0,33,wdt32,34,0.16364961950808316,0.2168687868741298,0.154715312658559,0.9956059428676037,0.9954057949977233
N1,11,cic5,312,0.4563402404037356,0.6521049288439197,-0.40776089236928525,0.493689445899218,0.43065476003801395
N1,11,crc32,32,0.018728716313820837,0.023050463486376998,0.006849724641942027,0.941664778824571,0.8955908304550648
N1,11,div_su,272,1.7774861958315353,1.7875493914777856,1.7774861958315353,0.3746851769087267,0.29357773860283953
N1,11,eth_crc,32,0.02144730038723517,0.0258996934203463,0.02141830084181833,0.9809833355924779,0.9566124033642317
N1,11,eth_random,20,0.027071741290378953,0.036575180057610276,0.025815510809679032,0.9532471010906296,0.8479232863088909
N1,11,eth_rxaddrcheck,4,0.14732822017296981,0.1749114480176545,0.14732822017296981,0.9996147651922258,1.0
N1,11,eth_rxcounters,25,0.06491873271232239,0.07425581033085972,-0.038719995161915904,0.8908086392539669,0.7317448401098802
N1,11,eth_txcounters,35,0.06172897296153127,0.0743016755096675,-0.046535362503459805,0.642830648180469,0.6572752534889733
N1,11,eth_txstatem,12,0.061717163120103835,0.07078402577611728,0.05789166996595701,0.9844984804282566,0.9370629370629372
N1,11,gcd,34,0.19681933864498272,0.20332493255330403,-0.19681933864498272,0.9403020082840565,0.8830140780443425
N1,11,jpeg_rle1,32,0.08824911238589574,0.1157742028775125,-0.07746549308384944,0.9846768170194079,0.9708934023113761
N1,11,jpeg_rzs,45,0.06537414249652454,0.06577671666922043,0.06373584923475765,0.964528947950538,0.8838342810722989
N1,11,pwm256,9,0.014026030065673403,0.01669263480414788,0.007631928543588852,0.9828036424397084,1.0
N1,11,pwm32,65,0.28705388127955794,0.33135608754684537,0.28337784640862757,0.9323680181787329,0.9005460458836607
N1,11,spi,25,0.03683506711441069,0.05308044046062329,-0.02706205107609282,0.9701216917264535,0.9665245858415323
N1,11,timer32,65,0.23820739941748753,0.27228782034518406,0.23442292631217182,0.9490411648955823,0.9229365819132874
N1,11,wdt32,34,0.09645288284949304,0.13633256792090948,0.09106589778438401,0.9972640829885596,0.9908009879275719
N1,22,cic5,312,0.4489643808861658,0.6248217358171996,-0.37638529831424394,0.44580579346887966,0.3682647699606648
N1,22,crc32,32,0.032783989762688155,0.038759688512034665,0.026759845047198777,0.909787528967837,0.8715739627396885
N1,22,div_su,272,0.8332916199457783,0.8766048226975034,0.8050558139076214,-0.5808560232915373,-0.44057238546025457
N1,22,eth_crc,32,0.01969316899280381,0.02446011302135329,-0.010233192785759685,0.9894702847545226,0.9592822999102889
N1,22,eth_random,20,0.010791587529334446,0.015206054877735622,0.002032906249423024,0.9721266041773283,0.8294231418803333
N1,22,eth_rxaddrcheck,4,0.10088985399827194,0.14314823189895517,0.10088985399827194,0.9947196492170125,1.0
N1,22,eth_rxcounters,25,0.06427480292495331,0.07475708902324643,-0.058200255176449896,0.9649766682374997,0.7638287395970011
N1,22,eth_txcounters,35,0.06842643357482472,0.0798051681520875,-0.06171803643458164,0.7512909056672189,0.6991872391561099
N1,22,eth_txstatem,12,0.03213106267682584,0.05163356087208723,0.022933265166654587,0.9628283955058743,0.9370629370629372
N1,22,gcd,34,0.15337709811227596,0.15642256828463358,-0.15337709811227596,0.9474186274908591,0.9059961443293519
N1,22,jpeg_rle1,32,0.11140226797253489,0.1395415365410285,-0.10459501979957508,0.9826920394083714,0.9503259612183416
N1,22,jpeg_rzs,45,0.04201671416416797,0.05111490148122832,0.02481824580824823,0.8630454939271834,0.7640942323314378
N1,22,pwm256,9,0.02080159548157247,0.02448081680490391,-0.003049282576963635,0.9528353544793238,1.0
N1,22,pwm32,65,0.23564588200386116,0.2639282017951276,0.23564588200386116,0.9143669365051318,0.8916160960302029
N1,22,spi,25,0.05084997163701689,0.06875982893677686,-0.045664485472836594,0.9507767336017056,0.959689808930942
N1,22,timer32,65,0.18156925307415114,0.20186417551283214,0.18156925307415114,0.9277517292226869,0.9051642307343463
N1,22,wdt32,34,0.09234210652558306,0.1321996211443227,0.0879298112328019,0.9973613189605649,0.9908009879275719
N1,33,cic5,312,0.5443171879588761,0.7018701192195158,-0.5095585561431489,0.429588158252452,0.36098833301952343
N1,33,crc32,32,0.023824994437299248,0.028296695175264473,0.014709091587864402,0.9057905602618085,0.8616738798646479
N1,33,div_su,272,1.0445442589108644,1.0672667411170913,1.0445442589108644,0.08787886475107304,0.26375601157658557
N1,33,eth_crc,32,0.016807301601277344,0.02023182407836075,-0.006399910512496947,0.9741284995541327,0.9489872043190708
N1,33,eth_random,20,0.012421425860344122,0.015240898154358305,-0.008195414706807137,0.9715740846678536,0.8093813187493958
N1,33,eth_rxaddrcheck,4,0.06986955544437026,0.10707765322108513,0.06897895769700241,0.9903378927099873,1.0
N1,33,eth_rxcounters,25,0.0713289869608496,0.08345517801055237,-0.054634450814152836,0.9400320439323752,0.7437279832918169
N1,33,eth_txcounters,35,0.05143542197162432,0.06143357385651232,-0.035772220564841556,0.751297940978392,0.7656296512170554
N1,33,eth_txstatem,12,0.03564160615880966,0.05132715833473903,0.019397806969458264,0.9525621818582033,0.9300699300699302
N1,33,gcd,34,0.18206587776088848,0.18892027045589857,-0.18206587776088848,0.9414329971868823,0.8830140780443425
N1,33,jpeg_rle1,32,0.10180205843464135,0.12685392140059498,-0.09165457248772668,0.9769663973900374,0.960609681764859
N1,33,jpeg_rzs,45,0.09208797041118637,0.09944755558250645,0.08900728845592785,0.7977366486343447,0.7640942323314378
N1,33,pwm256,9,0.022519503206542543,0.029754496126594775,-0.0010886117945035278,0.9405476488095097,1.0
N1,33,pwm32,65,0.1670153627332942,0.18339279702649072,0.16684716391820537,0.9513314771052077,0.9226301620653747
N1,33,spi,25,0.05007812334261977,0.0637917761098936,-0.043990701514878376,0.9720421183193417,0.9635997069709061
N1,33,timer32,65,0.1525980587701984,0.16696724048961675,0.1525980587701984,0.9556813334703226,0.9292400759274931
N1,33,wdt32,34,0.1207672493883198,0.15547792473547073,0.09558376178202575,0.9953730890599081,0.9908009879275719
N1-NoContext,11,cic5,312,0.4078047409040319,0.6049427527764439,-0.35885090473585823,0.48937780015077725,0.3817615017322487
N1-NoContext,11,crc32,32,0.03212348084150361,0.03690550980300217,0.029617116629086976,0.9533841879562139,0.9131909777884706
N1-NoContext,11,div_su,272,0.7670082329688173,0.8158799209956674,0.7652325244948353,-0.49489959621064433,-0.21860932171973657
N1-NoContext,11,eth_crc,32,0.014637541878721485,0.019012638204378672,0.006883403205196144,0.9825817413479757,0.9512805256595301
N1-NoContext,11,eth_random,20,0.016174991476365273,0.02470022704442539,0.006100991428155898,0.9386691961508077,0.8109229974517757
N1-NoContext,11,eth_rxaddrcheck,4,0.09600103633031082,0.1158106336593248,0.09600103633031082,0.9899302551257704,1.0
N1-NoContext,11,eth_rxcounters,25,0.054071512310712284,0.06473604103750398,-0.04644392981233704,0.9707385532382684,0.7947529800665153
N1-NoContext,11,eth_txcounters,35,0.055487739133321265,0.06709425307058837,-0.040300341150691865,0.7115375206357045,0.558172330857985
N1-NoContext,11,eth_txstatem,12,0.04732569110452143,0.0712105130022995,0.03915752902346293,0.9567109097445127,0.9300699300699302
N1-NoContext,11,gcd,34,0.0402267188813297,0.04142328035473673,-0.03518346820231179,0.9727967945568803,0.9056370495436487
N1-NoContext,11,jpeg_rle1,32,0.12131373296427106,0.15629991317303477,-0.1129512738817482,0.9821267556622303,0.9506932369521458
N1-NoContext,11,jpeg_rzs,45,0.04303441810228493,0.04518274502231798,-0.00994322044323103,0.8659487373950705,0.9212022745735174
N1-NoContext,11,pwm256,9,0.014183743019796573,0.01683539201290992,-0.0015151567058351286,0.9850319835983928,1.0
N1-NoContext,11,pwm32,65,0.07738882673749813,0.0912206387078016,0.052109227751588785,0.9568713050827917,0.9363431626354612
N1-NoContext,11,spi,25,0.05452702207283568,0.07863541485200151,-0.04982788957993041,0.9457882035054195,0.9633038016744275
N1-NoContext,11,timer32,65,0.07241735967778884,0.08869569359363248,0.06810359363917237,0.9676150924105151,0.9430598835050252
N1-NoContext,11,wdt32,34,0.12141797528604566,0.12705748682789447,0.12141797528604566,0.9948847892674243,0.9892660522375214
N1-NoContext,22,cic5,312,0.4072619241218204,0.6197981433321471,-0.3370977887742913,0.4747492832386543,0.3869349492748975
N1-NoContext,22,crc32,32,0.026550568580801005,0.030709536737317217,0.022150907508038525,0.9291694645396014,0.8913741284897698
N1-NoContext,22,div_su,272,1.142266618008245,1.203945091231903,1.139918560315502,-0.4528619089004896,0.15306717059810418
N1-NoContext,22,eth_crc,32,0.010643648928580527,0.012953999478523714,0.004512655467609645,0.9858677691668731,0.9533993881438785
N1-NoContext,22,eth_random,20,0.012201260469150347,0.018574713157818796,0.00528725205387592,0.9690095288784454,0.8325064992850928
N1-NoContext,22,eth_rxaddrcheck,4,0.0450166201733036,0.056758392247980315,0.0450166201733036,0.980577666128067,1.0
N1-NoContext,22,eth_rxcounters,25,0.07361470889570343,0.08365773855087158,-0.06921173050108063,0.9711824900209161,0.7557111264737536
N1-NoContext,22,eth_txcounters,35,0.05945987782705905,0.06827252722290697,-0.050287898085048556,0.799778601718675,0.7395573123070641
N1-NoContext,22,eth_txstatem,12,0.04062824257202149,0.05744895737232926,0.030755534119580586,0.9796004817665612,0.9370629370629372
N1-NoContext,22,gcd,34,0.08149907160484403,0.08367806325663739,-0.07613741291343598,0.9560476325866503,0.9056370495436487
N1-NoContext,22,jpeg_rle1,32,0.091645964804075,0.118542704824479,-0.08513305740515877,0.9908421303652553,0.980075295656481
N1-NoContext,22,jpeg_rzs,45,0.022725118213880922,0.025290546254636212,0.007623392913041353,0.9552232394940908,0.9212022745735174
N1-NoContext,22,pwm256,9,0.012732180302285507,0.015423311692785551,0.00012846372558805873,0.9899341851742973,1.0
N1-NoContext,22,pwm32,65,0.10601701466483905,0.12209653759823513,0.10388278871573298,0.9666571155671875,0.942175370935811
N1-NoContext,22,spi,25,0.06651051653341841,0.0931565354710114,-0.060946468788781266,0.9256653983244153,0.9674133188073889
N1-NoContext,22,timer32,65,0.0932273062806467,0.10966196222841554,0.09224453940386071,0.9647665884289843,0.936670757239378
N1-NoContext,22,wdt32,34,0.10546089041583591,0.11056383650633878,0.10492154639490578,0.9982127946156412,0.9861961808574204
N1-NoContext,33,cic5,312,0.43464426245086274,0.6529736600541942,-0.3919725057695275,0.428560015296161,0.3330277903971393
N1-NoContext,33,crc32,32,0.04651256267977333,0.054483017196929065,0.04538179918279553,0.9316519508813309,0.8958562673502698
N1-NoContext,33,div_su,272,0.8732315788728943,0.9229161828194066,0.8718390769817459,-0.42247789546969045,0.050460288127127786
N1-NoContext,33,eth_crc,32,0.015540446711709018,0.018744421115043968,-0.00754973626427841,0.9806503759026849,0.9653153770887678
N1-NoContext,33,eth_random,20,0.01890360605923137,0.02628627213194868,0.010649612233300208,0.9682657427605794,0.8294231418803333
N1-NoContext,33,eth_rxaddrcheck,4,0.04056979329809379,0.04759239606612758,0.04056979329809379,0.9990825829060971,1.0
N1-NoContext,33,eth_rxcounters,25,0.082527923102399,0.09160751028094277,-0.07598530246915924,0.9655349923242137,0.823744455506685
N1-NoContext,33,eth_txcounters,35,0.06611146239338028,0.07852311933063745,-0.05525582857227259,0.7101654419929849,0.6040091847481309
N1-NoContext,33,eth_txstatem,12,0.028637493611063325,0.046694548469193076,0.012107481531475386,0.9698265488310716,0.9370629370629372
N1-NoContext,33,gcd,34,0.04930756189520532,0.05178744476390877,-0.0421383292401832,0.9092146630845853,0.9056370495436487
N1-NoContext,33,jpeg_rle1,32,0.11407394559212708,0.1445344698697786,-0.10656321546147751,0.9750528617698896,0.9609769574986632
N1-NoContext,33,jpeg_rzs,45,0.0295127332361708,0.031096223334906588,0.004688345962065299,0.9429937134686324,0.9212022745735174
N1-NoContext,33,pwm256,9,0.014783540450963757,0.017455101580267147,-0.007433683520878684,0.9859778034802715,1.0
N1-NoContext,33,pwm32,65,0.2138590271865441,0.22571832347176093,0.2138590271865441,0.9673055468015528,0.9415702001851205
N1-NoContext,33,spi,25,0.04970305604652953,0.07214713139007668,-0.0439308337155963,0.9497542159669706,0.9581836733006839
N1-NoContext,33,timer32,65,0.22422954261847675,0.23881641972958942,0.22422954261847675,0.9670153702227282,0.9428731961896772
N1-NoContext,33,wdt32,34,0.12506736827304446,0.13275933290012282,0.12506736827304446,0.9942665889718025,0.9800564380972188
SOG,0,cic5,312,0.5376375858205128,0.6187763388199227,0.07125356687179493,0.46608468103428596,0.35918954500845923
SOG,0,crc32,32,0.062480682375000006,0.06814147660266905,0.062480682375000006,0.8836099525826002,0.8465065101778838
SOG,0,div_su,272,0.09909053642279414,0.18819856958891126,0.09197978503308823,0.9354208199958264,0.98488971551828
SOG,0,eth_crc,32,0.04014756934375,0.045127684779922767,0.04014756934375,0.9817024178193666,0.9667621402262307
SOG,0,eth_random,20,0.02927719624999999,0.043969772721476424,0.02778830565,0.9626643193010869,0.8497985463966051
SOG,0,eth_rxaddrcheck,4,0.09108501649999999,0.10184853858853808,0.09108501649999999,0.9816642294305268,1.0
SOG,0,eth_rxcounters,25,0.048338189000000004,0.053209481370109606,0.04499239428000001,0.9716616714790561,0.8760659530945571
SOG,0,eth_txcounters,35,0.10750950748571429,0.1375278442199329,0.1007071376,0.6470898240371615,0.6634429035537025
SOG,0,eth_txstatem,12,0.06391297574999999,0.07824713436973177,0.06310590774999998,0.9650882982223302,0.9211923058649254
SOG,0,gcd,34,0.5492325006470589,0.5507018019040548,0.5492325006470589,0.9473613487516523,0.8830140780443425
SOG,0,jpeg_rle1,32,0.06386402353125,0.0767881009571166,0.06177052228124999,0.9836982953051806,0.9706990356595795
SOG,0,jpeg_rzs,45,0.013775326355555563,0.020386226632028787,0.013775326355555563,0.9952358270851774,0.964214631771507
SOG,0,pwm256,9,0.040908176,0.05298963606678452,0.03970253622222222,0.9857202395207564,1.0
SOG,0,pwm32,65,0.3084901314615385,0.37031592347994513,0.2959822874615385,0.9043255257834131,0.9272251108933942
SOG,0,spi,25,0.060635327719999986,0.08085343159885997,-0.04491113115999998,0.91208556228685,0.9349258649093904
SOG,0,timer32,65,0.2258507477076923,0.28170175350084115,0.2143478958615385,0.8860175193956883,0.8899612885255624
SOG,0,wdt32,34,0.6412116438529412,0.792552868877499,0.636946137264706,0.9745354624616412,0.993867621449816
T1,0,cic5,312,0.4715410119463591,0.5730174453238526,-0.4476422830247175,0.8525375537155958,0.652513878727252
T1,0,crc32,32,0.07896515933478289,0.09421447835596045,0.07186523312920891,0.703449524924611,0.5456045673355728
T1,0,div_su,272,0.297881286426274,0.3173232526059117,0.297881286426274,0.8246215502297517,0.8024821732691263
T1,0,eth_crc,32,0.021790632373598226,0.028503329082251245,0.0031858908557631724,0.9638026653710986,0.957347834771777
T1,0,eth_random,20,0.012711375665894194,0.019638016982385535,0.004103889174689668,0.9637279198408615,0.8714277258436964
T1,0,eth_rxaddrcheck,4,0.029156636655833033,0.03700664884092029,0.029156636655833033,0.999892472106266,1.0
T1,0,eth_rxcounters,25,0.026637290721900703,0.03222749932372554,0.004170054871960224,0.9683073566896705,0.8260637735418984
T1,0,eth_txcounters,35,0.0639942765983586,0.07579569092227412,0.04050177541515507,0.7705459241812367,0.6365295214530664
T1,0,eth_txstatem,12,0.029341103157964902,0.037672365877448065,-0.000704178780168868,0.9590121695191124,0.9160839160839163
T1,0,gcd,34,0.11941802503758249,0.14967978384902883,0.08451284247591657,0.8767319488686575,0.853846023822398
T1,0,jpeg_rle1,32,0.10847933408326965,0.1430314093393453,-0.08982606815450626,0.9604321585634211,0.9322085289158444
T1,0,jpeg_rzs,45,0.1631226336660738,0.2025945968653167,0.16065105659023998,0.9167011945297429,0.9213647441104791
T1,0,pwm256,9,0.025180370673143986,0.031658950349274115,0.012002866755745868,0.9415003592065309,1.0
T1,0,pwm32,65,0.12883563949974242,0.14987505924697214,0.06411968654873847,0.926631879728964,0.9397794048115152
T1,0,spi,25,0.0840405265115488,0.10270298426696242,-0.06390752672042187,0.9584852033249481,0.9554601766415862
T1,0,timer32,65,0.1375770292449769,0.1559597129640089,0.02609577308042799,0.8543400255332717,0.8396030962777619
T1,0,wdt32,34,0.26215063024333973,0.28143688372154535,0.26056471008716375,0.9804818300654309,0.9837402837533398
median,0,cic5,312,0.8744643432852564,0.9940946661863266,-0.8486550386698716,,
median,0,crc32,32,0.10272868162500001,0.11212999636036868,0.10272868162500001,,
median,0,div_su,272,0.43961570687867646,0.46846094950140094,0.4385097751360294,,
median,0,eth_crc,32,0.21726464149999997,0.22891679450794608,0.21726464149999997,,
median,0,eth_random,20,0.3546810322499999,0.3588098972685919,0.3546810322499999,,
median,0,eth_rxaddrcheck,4,0.18101882924999996,0.21312437325623507,0.18101882924999996,,
median,0,eth_rxcounters,25,0.09214226135999998,0.13114930962883642,0.05776030887999996,,
median,0,eth_txcounters,35,0.05158218479999999,0.07779356319950202,0.01894219097142854,,
median,0,eth_txstatem,12,0.20127251683333328,0.24091473920529366,0.20127251683333328,,
median,0,gcd,34,0.45791080055882355,0.4630347614563568,-0.45791080055882355,,
median,0,jpeg_rle1,32,0.271609408125,0.33093961525882337,0.23243073874999998,,
median,0,jpeg_rzs,45,0.5053107815777776,0.5087299736428098,0.5053107815777776,,
median,0,pwm256,9,0.5007245757777778,0.5070524078279581,0.5007245757777778,,
median,0,pwm32,65,0.3112685211076923,0.39534968131780174,-0.3112685211076923,,
median,0,spi,25,0.12753512216000001,0.15198930274695802,0.062104976879999996,,
median,0,timer32,65,0.2996184012307692,0.37467432781371934,-0.2996151138153846,,
median,0,wdt32,34,0.3105468995294118,0.40177632026752336,-0.2821510100588235,,
