run,macro_design_mae_ns,pooled_mae_ns,pooled_rmse_ns
median,0.31786242592519137,0.3608839470756972,0.47282592927002437
SOG,0.15071514865303948,0.16916152883665336,0.23300721074578312
T0,0.18543810438838615,0.2235341019193489,0.29606034744287796
T1,0.17709912933366362,0.21833650201517854,0.30169064202887025
N0-seed11,0.13458723884145338,0.16405195755962854,0.20690533944548103
N1-seed11,0.1287734431369811,0.14847803368659196,0.19663701458650226
N2-seed11,0.14516933801467383,0.17444868224369173,0.21663170411393448
N0-seed22,0.1869530706389455,0.2369392938540728,0.30865694300825486
N1-seed22,0.1512204208490043,0.1889968270430466,0.24921670464811457
N2-seed22,0.16227326406227396,0.20295017381933772,0.26990023692992365
N0-seed33,0.2086846370980883,0.26802709863875585,0.36535338634935555
N1-seed33,0.20045532741740724,0.2547682579409493,0.33212681397017546
N2-seed33,0.20830907694860204,0.2630944348161348,0.34557958106636266
