model,seed,family,n,mae_ns,rmse_ns,bias_ns,pearson,spearman,macro_design_mae_ns
N0,11,chameleon_peripherals,164,0.15864851494557958,0.1925908463095731,0.15659630449409548,0.9218066679081852,0.8906693610790096,0.15009309793612066
N0,11,cic5,312,0.43242887173708294,0.615073468178143,-0.3552491864956079,0.5072501673184028,0.4324280081630906,0.43242887173708294
N0,11,crc32,32,0.026977134806425093,0.0322153657273098,0.021483477047585492,0.9262470628955237,0.8860574173161369,0.026977134806425093
N0,11,opencores_ethernet,128,0.04433128802510428,0.06460446264873587,-0.012680032623192072,0.9062809432851482,0.91891412358591,0.05799659631389456
N0,11,opencores_jpeg,349,0.6769587561343581,0.7911217771611494,0.6520936884834222,-0.1839949522326112,-0.19428432024680156,0.3383125557225466
N0,11,orfs_gcd,34,0.19029862732118852,0.19624972368545265,-0.19029862732118852,0.987467671130378,0.8830140780443425,0.19029862732118852
N0,11,pwm256,9,0.022908169366119384,0.032739034272025784,0.0021430171069251186,0.935518987069446,1.0,0.022908169366119384
N0,11,spi,25,0.03348730726204954,0.04601156034111024,-0.024936282414593797,0.9804620174376825,0.9600601310782114,0.03348730726204954
N0,22,chameleon_peripherals,164,0.18430666749517607,0.21410945558014896,0.1839067359519697,0.9411964899061486,0.9218389890996206,0.18413280024954273
N0,22,cic5,312,0.4423551722979491,0.6287855002185693,-0.3628192228004837,0.4282436973100113,0.3543976357492872,0.4423551722979491
N0,22,crc32,32,0.03159097852603959,0.037780111093789454,0.025785955442987923,0.9011588319938003,0.867173925906337,0.03159097852603959
N0,22,opencores_ethernet,128,0.043007622692662534,0.06519303675259351,-0.02464817136731535,0.9165453100638032,0.9374054715363725,0.05027837481111083
N0,22,opencores_jpeg,349,0.6243463352679598,0.7322647951076853,0.5847949610158086,-0.2523209971592339,-0.3598911036602364,0.313124328200249
N0,22,orfs_gcd,34,0.22748062882776954,0.2323592217971202,-0.22748062882776954,0.9949675745698457,0.8830140780443425,0.22748062882776954
N0,22,pwm256,9,0.019852826138663817,0.028385522748309355,0.0059647021893077445,0.9451213284075015,1.0,0.019852826138663817
N0,22,spi,25,0.05506378127299391,0.0680862715483851,-0.049338830191292864,0.9761033540664262,0.957240081979638,0.05506378127299391
N0,33,chameleon_peripherals,164,0.17177084346044094,0.19631199257945464,0.16920651968807363,0.9799277254374853,0.9567734799936581,0.17047977708852766
N0,33,cic5,312,0.5049894031502639,0.6963510737581186,-0.48343750974903915,0.40029879425328296,0.2958526550215548,0.5049894031502639
N0,33,crc32,32,0.028718714539515966,0.0325944059594821,0.02328829730948115,0.9319608201849209,0.8904574541494883,0.028718714539515966
N0,33,opencores_ethernet,128,0.040266124091567365,0.05610506623948298,-0.01322868493823871,0.9326160510891394,0.9354752857021227,0.045339522129965254
N0,33,opencores_jpeg,349,0.7704685023916523,0.8976482890616996,0.7420432024851155,-0.2137961894439904,-0.13775929420339972,0.3877802614411705
N0,33,orfs_gcd,34,0.23652419614864933,0.24342225372161483,-0.23652419614864933,0.7102593851864141,-0.44616477471852733,0.23652419614864933
N0,33,pwm256,9,0.01867772222260157,0.025444192363707173,0.004833642794365355,0.9547000279231453,1.0,0.01867772222260157
N0,33,spi,25,0.061651626381759785,0.08045321765091346,-0.05415990837255965,0.9659075770303939,0.9660007029185081,0.061651626381759785
N1,11,chameleon_peripherals,164,0.22817915403774824,0.27704760696004727,0.22410543141171355,0.9381983797060883,0.91046021391773,0.20723805451551283
N1,11,cic5,312,0.4563402404037356,0.6521049288439197,-0.40776089236928525,0.493689445899218,0.43065476003801395,0.4563402404037356
N1,11,crc32,32,0.018728716313820837,0.023050463486376998,0.006849724641942027,0.941664778824571,0.8955908304550648,0.018728716313820837
N1,11,opencores_ethernet,128,0.049540231623389726,0.06624969838458923,-0.0008674125254207847,0.8981893264623172,0.9059926655810943,0.06403535510742357
N1,11,opencores_jpeg,349,1.401839694197335,1.578648856643192,1.3864339905531764,0.00124223063085964,0.1348519988484737,0.6437031502379852
N1,11,orfs_gcd,34,0.19681933864498272,0.20332493255330403,-0.19681933864498272,0.9403020082840565,0.8830140780443425,0.19681933864498272
N1,11,pwm256,9,0.014026030065673403,0.01669263480414788,0.007631928543588852,0.9828036424397084,1.0,0.014026030065673403
N1,11,spi,25,0.03683506711441069,0.05308044046062329,-0.02706205107609282,0.9701216917264535,0.9665245858415323,0.03683506711441069
N1,22,chameleon_peripherals,164,0.18450375245085748,0.21767451399481882,0.1835890083047931,0.9263745489426435,0.9007208816137278,0.16985241386786512
N1,22,cic5,312,0.4489643808861658,0.6248217358171996,-0.37638529831424394,0.44580579346887966,0.3682647699606648,0.4489643808861658
N1,22,crc32,32,0.032783989762688155,0.038759688512034665,0.026759845047198777,0.909787528967837,0.8715739627396885,0.032783989762688155
N1,22,opencores_ethernet,128,0.044038598239953965,0.0625221073353608,-0.025181117974878996,0.9266945529639751,0.9361971866336217,0.049367818282835686
N1,22,opencores_jpeg,349,0.6650743419420068,0.7752534810780821,0.621045735847157,-0.25921404101093026,-0.319215047187724,0.32890353402749367
N1,22,orfs_gcd,34,0.15337709811227596,0.15642256828463358,-0.15337709811227596,0.9474186274908591,0.9059961443293519,0.15337709811227596
N1,22,pwm256,9,0.02080159548157247,0.02448081680490391,-0.003049282576963635,0.9528353544793238,1.0,0.02080159548157247
N1,22,spi,25,0.05084997163701689,0.06875982893677686,-0.045664485472836594,0.9507767336017056,0.959689808930942,0.05084997163701689
N1,33,chameleon_peripherals,164,0.15171316388371883,0.17143776200528196,0.1464255327764337,0.952200718375426,0.9290966535053129,0.14679355696393745
N1,33,cic5,312,0.5443171879588761,0.7018701192195158,-0.5095585561431489,0.429588158252452,0.36098833301952343,0.5443171879588761
N1,33,crc32,32,0.023824994437299248,0.028296695175264473,0.014709091587864402,0.9057905602618085,0.8616738798646479,0.023824994437299248
N1,33,opencores_ethernet,128,0.039663313337180046,0.056001707834237024,-0.019358632079982906,0.938073831744975,0.9354044806728969,0.04291738299954589
N1,33,opencores_jpeg,349,0.8352941632153783,0.9436620731403523,0.8171587968041967,-0.016602439096330766,0.12399490407771323,0.4128114292522307
N1,33,orfs_gcd,34,0.18206587776088848,0.18892027045589857,-0.18206587776088848,0.9414329971868823,0.8830140780443425,0.18206587776088848
N1,33,pwm256,9,0.022519503206542543,0.029754496126594775,-0.0010886117945035278,0.9405476488095097,1.0,0.022519503206542543
N1,33,spi,25,0.05007812334261977,0.0637917761098936,-0.043990701514878376,0.9720421183193417,0.9635997069709061,0.05007812334261977
N1-NoContext,11,chameleon_peripherals,164,0.08454642241901955,0.09880724900727242,0.07281734481783553,0.962548264620661,0.9442321365015875,0.09040805390044421
N1-NoContext,11,cic5,312,0.4078047409040319,0.6049427527764439,-0.35885090473585823,0.48937780015077725,0.3817615017322487,0.4078047409040319
N1-NoContext,11,crc32,32,0.03212348084150361,0.03690550980300217,0.029617116629086976,0.9533841879562139,0.9131909777884706,0.03212348084150361
N1-NoContext,11,opencores_ethernet,128,0.039356814731687076,0.05594328098383639,-0.01074552313164413,0.9307201509061689,0.919193957382771,0.04728308537232543
N1-NoContext,11,opencores_jpeg,349,0.6144550935156956,0.7220099853328935,0.5847603466430771,-0.177169156877737,-0.16986315605533178,0.31045212801179106
N1-NoContext,11,orfs_gcd,34,0.0402267188813297,0.04142328035473673,-0.03518346820231179,0.9727967945568803,0.9056370495436487,0.0402267188813297
N1-NoContext,11,pwm256,9,0.014183743019796573,0.01683539201290992,-0.0015151567058351286,0.9850319835983928,1.0,0.014183743019796573
N1-NoContext,11,spi,25,0.05452702207283568,0.07863541485200151,-0.04982788957993041,0.9457882035054195,0.9633038016744275,0.05452702207283568
N1-NoContext,22,chameleon_peripherals,164,0.10083262887557923,0.11493087757017134,0.09948542015366091,0.9723567214437172,0.9505733915260622,0.10156840378710723
N1-NoContext,22,cic5,312,0.4072619241218204,0.6197981433321471,-0.3370977887742913,0.4747492832386543,0.3869349492748975,0.4072619241218204
N1-NoContext,22,crc32,32,0.026550568580801005,0.030709536737317217,0.022150907508038525,0.9291694645396014,0.8913741284897698,0.026550568580801005
N1-NoContext,22,opencores_ethernet,128,0.04041945947652116,0.0561016172765104,-0.021024115541675836,0.941768570852246,0.927886651940679,0.040260726477636406
N1-NoContext,22,opencores_jpeg,349,0.9015811498326581,1.0635104968671536,0.8815949663322015,-0.20460505725671008,0.059177790082724294,0.41887923367540036
N1-NoContext,22,orfs_gcd,34,0.08149907160484403,0.08367806325663739,-0.07613741291343598,0.9560476325866503,0.9056370495436487,0.08149907160484403
N1-NoContext,22,pwm256,9,0.012732180302285507,0.015423311692785551,0.00012846372558805873,0.9899341851742973,1.0,0.012732180302285507
N1-NoContext,22,spi,25,0.06651051653341841,0.0931565354710114,-0.060946468788781266,0.9256653983244153,0.9674133188073889,0.06651051653341841
N1-NoContext,33,chameleon_peripherals,164,0.1995612656012797,0.21552664127764667,0.1995612656012797,0.9654857513151686,0.9368062298586909,0.18771864602602176
N1-NoContext,33,cic5,312,0.43464426245086274,0.6529736600541942,-0.3919725057695275,0.428560015296161,0.3330277903971393,0.43464426245086274
N1-NoContext,33,crc32,32,0.04651256267977333,0.054483017196929065,0.04538179918279553,0.9316519508813309,0.8958562673502698,0.04651256267977333
N1-NoContext,33,opencores_ethernet,128,0.044987459170412004,0.06161191489162086,-0.02777044473421365,0.9361372065058938,0.9282834093748191,0.04204845419597947
N1-NoContext,33,opencores_jpeg,349,0.6948350392779455,0.8160190686045175,0.670318571955761,-0.16587442371918354,-0.0035027122681221875,0.3389394192337307
N1-NoContext,33,orfs_gcd,34,0.04930756189520532,0.05178744476390877,-0.0421383292401832,0.9092146630845853,0.9056370495436487,0.04930756189520532
N1-NoContext,33,pwm256,9,0.014783540450963757,0.017455101580267147,-0.007433683520878684,0.9859778034802715,1.0,0.014783540450963757
N1-NoContext,33,spi,25,0.04970305604652953,0.07214713139007668,-0.0439308337155963,0.9497542159669706,0.9581836733006839,0.04970305604652953
SOG,0,chameleon_peripherals,164,0.3447155672987805,0.4647881511314466,0.3343148206280488,0.8511705329810935,0.8893319041137603,0.39185084100739065
SOG,0,cic5,312,0.5376375858205128,0.6187763388199227,0.07125356687179493,0.46608468103428596,0.35918954500845923,0.5376375858205128
SOG,0,crc32,32,0.062480682375000006,0.06814147660266905,0.062480682375000006,0.8836099525826002,0.8465065101778838,0.062480682375000006
SOG,0,opencores_ethernet,128,0.062287885984375,0.08622132404993675,0.05946608565625,0.9453363741831027,0.956135600534084,0.06337840905491071
SOG,0,opencores_jpeg,349,0.08486006975931233,0.1679240682622873,0.07912621182808023,0.9187456824637767,0.9780012610410073,0.058909962103199896
SOG,0,orfs_gcd,34,0.5492325006470589,0.5507018019040548,0.5492325006470589,0.9473613487516523,0.8830140780443425,0.5492325006470589
SOG,0,pwm256,9,0.040908176,0.05298963606678452,0.03970253622222222,0.9857202395207564,1.0,0.040908176
SOG,0,spi,25,0.060635327719999986,0.08085343159885997,-0.04491113115999998,0.91208556228685,0.9349258649093904,0.060635327719999986
T1,0,chameleon_peripherals,164,0.15993868839439207,0.18698696018884287,0.0897756403588987,0.7534601309883106,0.8516039900741575,0.17618776632935304
T1,0,cic5,312,0.4715410119463591,0.5730174453238526,-0.4476422830247175,0.8525375537155958,0.652513878727252,0.4715410119463591
T1,0,crc32,32,0.07896515933478289,0.09421447835596045,0.07186523312920891,0.703449524924611,0.5456045673355728,0.07896515933478289
T1,0,opencores_ethernet,128,0.03379671470923443,0.04704215117550722,0.014172001589601201,0.962005408791111,0.9630861296219264,0.030605219195591605
T1,0,opencores_jpeg,349,0.26313916078390964,0.2926533191478215,0.24463774576952182,0.4848426443261942,0.6269313864015112,0.18982775139187247
T1,0,orfs_gcd,34,0.11941802503758249,0.14967978384902883,0.08451284247591657,0.8767319488686575,0.853846023822398,0.11941802503758249
T1,0,pwm256,9,0.025180370673143986,0.031658950349274115,0.012002866755745868,0.9415003592065309,1.0,0.025180370673143986
T1,0,spi,25,0.0840405265115488,0.10270298426696242,-0.06390752672042187,0.9584852033249481,0.9554601766415862,0.0840405265115488
median,0,chameleon_peripherals,164,0.30650149107317076,0.3886559677711009,-0.3006132354390244,,,0.3071446072892911
median,0,cic5,312,0.8744643432852564,0.9940946661863266,-0.8486550386698716,,,0.8744643432852564
median,0,crc32,32,0.10272868162500001,0.11212999636036868,0.10272868162500001,,,0.10272868162500001
median,0,opencores_ethernet,128,0.16636224760937496,0.21234863035496662,0.15072202420312497,,,0.18299357766555555
median,0,opencores_jpeg,349,0.43268182951862455,0.4630869732979511,0.42822758638395403,,,0.40551196552715135
median,0,orfs_gcd,34,0.45791080055882355,0.4630347614563568,-0.45791080055882355,,,0.45791080055882355
median,0,pwm256,9,0.5007245757777778,0.5070524078279581,0.5007245757777778,,,0.5007245757777778
median,0,spi,25,0.12753512216000001,0.15198930274695802,0.062104976879999996,,,0.12753512216000001
