model,control,seed,fold,macro_design_mae_difference_ns,pooled_mae_difference_ns
N0,SOG,11,all,-0.027302969815974826,0.12043999604911831
N0,SOG,11,1,0.20505194355603984,0.5767610097351565
N0,SOG,11,2,-0.06617836727069015,-0.09941786144059012
N0,SOG,11,3,-0.1901941941955962,-0.16148525565367017
N0,SOG,11,4,-0.05588924996742389,-0.08951972982633481
N0,SOG,22,all,-0.024333065584961844,0.11160573542203034
N0,SOG,22,1,0.18539693710745275,0.5253944371892902
N0,SOG,22,2,-0.0504269799847849,-0.08862730468906538
N0,SOG,22,3,-0.163510956530626,-0.13926290862733606
N0,SOG,22,4,-0.05719315389744123,-0.08276195890861127
N0,SOG,33,all,-0.010945189730125343,0.1766593141715745
N0,SOG,33,1,0.24109511105912834,0.6678136002924302
N0,SOG,33,2,-0.015815942004244576,-0.030150817586271972
N0,SOG,33,3,-0.17446878989801823,-0.15022100857256726
N0,SOG,33,4,-0.06013451800686889,-0.08303004861250184
N1,SOG,11,all,0.03978458830728537,0.37920074964410544
N1,SOG,11,1,0.43187435461750734,1.283195389987321
N1,SOG,11,2,-0.052548803011183254,-0.07703198304205988
N1,SOG,11,3,-0.14939758138420312,-0.10465323820799499
N1,SOG,11,4,-0.049781640812428404,-0.08403547695232531
N1,N0,11,all,0.0670875581232602,0.2587607535949871
N1,N0,11,1,0.2268224110614675,0.7064343802521644
N1,N0,11,2,0.013629564259506899,0.022385878398530235
N1,N0,11,3,0.04079661281139309,0.056832017445675176
N1,N0,11,4,0.006107609154995489,0.005484252874009499
N1,SOG,22,all,-0.028482079232999863,0.12477029782467408
N1,SOG,22,1,0.19746853381361346,0.5651224071706551
N1,SOG,22,2,-0.04922928050866507,-0.08282099062786602
N1,SOG,22,3,-0.17392299350772208,-0.13890322346251713
N1,SOG,22,4,-0.068559849595319,-0.097499953811534
N1,N0,22,all,-0.004149013648038019,0.013164562402643742
N1,N0,22,1,0.012071596706160703,0.03972796998136474
N1,N0,22,2,0.0011976994761198345,0.005806314061199358
N1,N0,22,3,-0.010412036977096084,0.00035968516481893476
N1,N0,22,4,-0.011366695697877766,-0.014737994902922727
N1,SOG,33,all,-0.013195423110105992,0.20445120576231096
N1,SOG,33,1,0.26082893216340874,0.7311061468185083
N1,SOG,33,2,-0.0019388011195085042,0.005400907292981705
N1,SOG,33,3,-0.19345688501701508,-0.16780293966365578
N1,SOG,33,4,-0.06999039703119418,-0.0949358671417947
N1,N0,33,all,-0.0022502333799806484,0.027791891590736473
N1,N0,33,1,0.019733821104280402,0.06329254652607796
N1,N0,33,2,0.013877140884736072,0.03555172487925368
N1,N0,33,3,-0.018988095118996837,-0.01758193109108852
N1,N0,33,4,-0.00985587902432529,-0.011905818529292858
N1-NoContext,SOG,11,all,-0.05578249250197949,0.0760180856878474
N1-NoContext,SOG,11,1,0.18197551618639252,0.5156093390898211
N1-NoContext,SOG,11,2,-0.06797057528182263,-0.12065446663240698
N1-NoContext,SOG,11,3,-0.2336713907135839,-0.22264882759873816
N1-NoContext,SOG,11,4,-0.08651110340874868,-0.12494675123690643
N1-NoContext,N1,11,all,-0.09556708080926486,-0.30318266395625804
N1-NoContext,N1,11,1,-0.24989883843111482,-0.7675860508975
N1-NoContext,N1,11,2,-0.015421772270639372,-0.043622483590347094
N1-NoContext,N1,11,3,-0.08427380932938079,-0.11799558939074319
N1-NoContext,N1,11,4,-0.03672946259632028,-0.04091127428458113
N1-NoContext,SOG,22,all,-0.034469741401605664,0.1751216386812932
N1-NoContext,SOG,22,1,0.2629329547547217,0.795480650794185
N1-NoContext,SOG,22,2,-0.062250236442637,-0.12026803183874357
N1-NoContext,SOG,22,3,-0.2266943563637623,-0.2099314568511193
N1-NoContext,SOG,22,4,-0.0866342177865515,-0.11544503197802834
N1-NoContext,N1,22,all,-0.005987662168605801,0.05035134085661913
N1-NoContext,N1,22,1,0.06546442094110827,0.23035824362352986
N1-NoContext,N1,22,2,-0.013020955933971928,-0.03744704121087755
N1-NoContext,N1,22,3,-0.05277136285604023,-0.07102823338860216
N1-NoContext,N1,22,4,-0.018074368191232516,-0.01794507816649435
N1-NoContext,SOG,33,all,-0.03271948422031404,0.12982975413153514
N1-NoContext,SOG,33,1,0.20349093396063905,0.5939836386649768
N1-NoContext,SOG,33,2,-0.05696279752156028,-0.09616386849604625
N1-NoContext,SOG,33,3,-0.1570911761598333,-0.1240626801461091
N1-NoContext,SOG,33,4,-0.08970066684363442,-0.11859199104784124
N1-NoContext,N1,33,all,-0.019524061110208046,-0.07462145163077583
N1-NoContext,N1,33,1,-0.05733799820276969,-0.13712250815353144
N1-NoContext,N1,33,2,-0.05502399640205177,-0.10156477578902795
N1-NoContext,N1,33,3,0.03636570885718175,0.043740259517546676
N1-NoContext,N1,33,4,-0.019710269812440243,-0.023656123906046544
T1,SOG,0,all,-0.05427201025783315,-0.005693841909640396
T1,SOG,0,1,0.09425639063479041,0.17340182268056636
T1,SOG,0,2,-0.02134568754130245,-0.059456976495392444
T1,SOG,0,3,-0.15762618676858248,-0.15191788202860534
T1,SOG,0,4,-0.08949337353791299,-0.1127195190983962
