model,seed,fold,macro_design_mae_ns,macro_family_of_design_mae_ns,n,mae_ns,rmse_ns,bias_ns,pearson,spearman
N0,11,all,0.14819392055013147,0.1565627950581784,1053,0.3905469639503529,0.5719684643765716,0.1276494766244516,0.32318894541440546,0.23636221783371048
N0,11,1,0.25946145913343976,0.180610362544333,358,0.6605161436178382,0.7811314600795338,0.6357541464655772,-0.1540523466503182,-0.18112884898313805
N0,11,2,0.23295808949956626,0.23295808949956626,337,0.40283380018848997,0.5919522657599313,-0.3307452618605178,0.5692045975703752,0.5265914885007666
N0,11,3,0.11931410715369677,0.08853511637127287,196,0.13715114675959517,0.17664926830739114,0.13453706735997137,0.945814974726365,0.935433257880405
N0,11,4,0.07689688645779369,0.12414761181754154,162,0.07496640861810962,0.1066815013305252,-0.04995800928820367,0.9688636564102195,0.9537931445142313
N0,22,all,0.15116382478114446,0.1654848612905398,1053,0.3817127033232649,0.5517480320121079,0.1042835739798916,0.33293072990259437,0.2521682621170528
N0,22,1,0.23980645268485268,0.1664885771694564,358,0.6091495710719719,0.7230157695199811,0.5702433623302262,-0.2210500513187695,-0.34063285365724716
N0,22,2,0.2487094767854715,0.2487094767854715,337,0.4136243569400147,0.6052973606680622,-0.3395640007968345,0.5152921564539977,0.4503888638380917
N0,22,3,0.14599734481866697,0.10786188938779116,196,0.15937349378592927,0.19644679978153984,0.15809109831785023,0.9587831016867544,0.9536090141924503
N0,22,4,0.07559298252777635,0.1388795018194402,162,0.08172417953583316,0.12120038431703609,-0.06721794638987982,0.9691675549267276,0.9629257998886451
N0,33,all,0.16455170063598096,0.18177015288780674,1053,0.44676628207280905,0.6474762109218698,0.11926883200668487,0.10951263769106638,0.09104185471007926
N0,33,1,0.29550462663652827,0.20322899183188603,358,0.7515687341751118,0.8863023621345618,0.7235100012638395,-0.18374892438538729,-0.12492334503738797
N0,33,2,0.28332051476601183,0.28332051476601183,337,0.4721008440428081,0.6703825941551688,-0.45159199035909275,0.4869304075278343,0.4036517097584338
N0,33,3,0.13503951145127474,0.09959924581402181,196,0.14841539384069807,0.1800551785068735,0.14538313644258913,0.9858439209677521,0.974162206806464
N0,33,4,0.07265161841834869,0.14093185913930728,162,0.0814560898319426,0.12216071748500902,-0.060093174945361934,0.9662767414121345,0.9564520261477226
N1,11,all,0.21528147867339167,0.20471574405044313,1053,0.64930771754534,0.9827933249959452,0.36676713768918473,-0.06418290918701702,0.025215012482444444
N1,11,1,0.48628387019490726,0.3288645901518293,358,1.3669505238700026,1.5586814456861735,1.3517713688825443,0.02177610647034259,0.134595919546198
N1,11,2,0.24658765375907316,0.24658765375907316,337,0.4252196785870202,0.6276175569465771,-0.37951913856415226,0.5503507039828367,0.49889381602848637
N1,11,3,0.16011071996508985,0.11298338541466683,196,0.19398316420527034,0.2535954124814152,0.18863511193909777,0.9571688388057099,0.9470593644860617
N1,11,4,0.08300449561278918,0.13042734687620314,162,0.08045066149211912,0.11020155057443748,-0.041993125414711556,0.96622058249119,0.9524315688951246
N1,22,all,0.14701481113310644,0.15686260025723922,1053,0.39487726572590864,0.5689290908365114,0.11459696203560743,0.2967096481849772,0.20662181117577466
N1,22,1,0.2518780493910134,0.17485256475453306,358,0.6488775410533366,0.7654564888562193,0.6053561962778354,-0.22792042721008385,-0.30219589801133795
N1,22,2,0.24990717626159134,0.24990717626159134,337,0.41943067100121406,0.6014909387206965,-0.35185111338535613,0.5313287482617061,0.462711479924435
N1,22,3,0.13558530784157088,0.10131820181527663,196,0.1597331789507482,0.19972881938669268,0.15798424695661442,0.9488383441963723,0.9412484900230995
N1,22,4,0.06422628682989859,0.10137245819755582,162,0.06698618463291044,0.0906855391395034,-0.052086447139517864,0.9814038065486264,0.9675301583058408
N1,33,all,0.1623014672560003,0.17816600699024254,1053,0.4745581736635455,0.6688370333066667,0.1338204359734268,0.061932461064899795,0.07843968554629742
N1,33,1,0.31523844774080867,0.21766546622938662,358,0.8148612807011898,0.9317368411910769,0.7965883312248997,0.0064154312333934305,0.12332906986436365
N1,33,2,0.2971976556507479,0.2971976556507479,337,0.5076525689220618,0.6755582239818936,-0.4750208814674613,0.5118853849057763,0.455711542806014
N1,33,3,0.1160514163322779,0.08530927570061834,196,0.13083346274960955,0.15723586725105007,0.12492080768442236,0.965692360597719,0.9576609626353311
N1,33,4,0.0627957393940234,0.11249163038021719,162,0.06955027130264974,0.09984314908510603,-0.05350706635869148,0.9784190656018823,0.9671753970122301
N1-NoContext,11,all,0.11971439786412681,0.12462612162550726,1053,0.34612505358908197,0.5323103681627881,0.0960861086928035,0.3663518988550576,0.2781391614738814
N1-NoContext,11,1,0.23638503176379244,0.16231793551579382,358,0.5993644729725026,0.7128816709324955,0.5700215770058139,-0.14864458186495463,-0.15556774724672193
N1-NoContext,11,2,0.23116588148843378,0.23116588148843378,337,0.3815971949966731,0.582465794164832,-0.33592634871538885,0.5665277014291548,0.5053608185054528
N1-NoContext,11,3,0.07583691063570906,0.06126576737097391,196,0.07598757481452716,0.09160406193007331,0.06576424633803986,0.9726477133333661,0.9669451052461518
N1-NoContext,11,4,0.046275033016468896,0.04375490212682756,162,0.03953938720753799,0.053225323804781975,-0.0158744745662287,0.9845672088691487,0.9593472989208626
N1-NoContext,22,all,0.14102714896450064,0.14440782813541417,1053,0.4452286065825278,0.701138178465782,0.20201738530221897,0.15500020091225739,0.12354466862491548
N1-NoContext,22,1,0.31734247033212165,0.21580570698884294,358,0.8792357846768665,1.0500601050385023,0.8594351939203033,-0.17673514538981266,0.06393124177976571
N1-NoContext,22,2,0.2368862203276194,0.2368862203276194,337,0.3819836297903365,0.5969051535522614,-0.3166117858080072,0.5473593061812717,0.4788610434926476
N1-NoContext,22,3,0.08281394498553066,0.06405948618395411,196,0.08870494556214605,0.10586070714589356,0.08685937727274295,0.9773764520868422,0.9705614864996486
N1-NoContext,22,4,0.04615191863866607,0.06087989904124022,162,0.04904110646641609,0.06289981884829889,-0.032591103878958826,0.9861084979935796,0.9636405046005946
N1-NoContext,33,all,0.14277740614579226,0.14545718787238332,1053,0.3999367220327697,0.5958438702018642,0.13264342908851276,0.2620730570257464,0.20764852471140766
N1-NoContext,33,1,0.257900449538039,0.17686147984234724,358,0.6777387725476584,0.8057013099722518,0.6532801074326051,-0.137950110072618,0.0035165910950463743
N1-NoContext,33,2,0.24217365924869613,0.24217365924869613,337,0.40608779313303384,0.6285941302103452,-0.36615339063199553,0.5060237340277124,0.4210749957071996
N1-NoContext,33,3,0.15241712518945966,0.11711560435289754,196,0.17457372226715623,0.19837442696548827,0.17438910781867004,0.9738518027772429,0.9624674760952053
N1-NoContext,33,4,0.04308546958158316,0.0456780080455924,162,0.04589414739660319,0.05968422729595808,-0.030785926667565286,0.9843964576703856,0.9638367110810175
SOG,0,all,0.1754968903661063,0.22062918559100914,1053,0.27010696790123456,0.40921234620229835,0.12553967876923078,0.7874658070097129,0.9124366660198953
SOG,0,1,0.05440951557739992,0.04990906905159995,358,0.08375513388268158,0.16601259515628433,0.07813511383798884,0.9192866143477714,0.9744464580967648
SOG,0,2,0.2991364567702564,0.2991364567702564,337,0.5022516616290801,0.5957896016761535,0.06263600767062322,0.5573341853120587,0.490043720796623
SOG,0,3,0.30950830134929297,0.22716576169119532,196,0.29863640241326533,0.4260472123255553,0.28993373683163265,0.8865004997135791,0.9344555786890244
SOG,0,4,0.13278613642521758,0.3063054548509848,162,0.16448613844444443,0.26367337488974263,0.1622565678148148,0.9769816853579473,0.9774158724332003
T1,0,all,0.12122488010827315,0.14697072880252932,1053,0.26441312599159417,0.36419942045132914,-0.03235055657237737,0.7638467958708167,0.8465700264189661
T1,0,1,0.14866590621219034,0.10750406103250823,358,0.25715695656324794,0.28899489885462193,0.23878938288928725,0.47945068390066775,0.605756759158814
T1,0,2,0.27779076922895396,0.27779076922895396,337,0.44279468513368764,0.5520627175908305,-0.41917531297246996,0.878483399534807,0.7232906931753615
T1,0,3,0.1518821145807105,0.12757646283206797,196,0.14671852038466,0.17522813106803967,0.08685149223976568,0.8323595592613278,0.9109747897850395
T1,0,4,0.04329276288730459,0.07501162211658705,162,0.051766619346048225,0.08031560707797503,0.028934894121297024,0.977819152675255,0.9805051060032652
median,0,all,0.3117232181087952,0.36987670923610694,1053,0.4956796107350427,0.6347762825485715,-0.14393124381196581,-0.6409154879945523,-0.6845451555724299
median,0,1,0.429315118089808,0.45311827065246457,358,0.4343924013519552,0.46424327339377336,0.43005013639664796,,
median,0,2,0.5009997327226282,0.5009997327226282,337,0.8190541636765578,0.9574066584805117,-0.7810912392967359,,
median,0,3,0.25604062587321835,0.20493664445714554,196,0.2732324609591837,0.3583914460451384,-0.23476149387755105,,
median,0,4,0.2222674666503081,0.32045218911218953,162,0.22755145008024694,0.28394714443509467,0.022984270858024663,,
